keyword,language,topic,topicColor,keywordColor,limitPages,ratioNew
'Oleksandr Usyk',fr,unknown,#111111,#111111,3,0.5657714852741546
'Benny Blanco',fr,unknown,#111111,#111111,2,0.5040099639609977
'Drew Bledsoe',fr,unknown,#111111,#111111,2,0.5035085008248841
'Jerry Seinfeld',fr,unknown,#111111,#111111,2,0.5014130447733658
'Matt Winkelmeyer',fr,unknown,#111111,#111111,2,0.5007044224470514
'Mark Kerr',fr,unknown,#111111,#111111,2,0.5006957247275657
'Drake Maye',fr,unknown,#111111,#111111,2,0.5006507943987553
"'Dwayne ""The Rock"" Johnson'",fr,unknown,#111111,#111111,2,0.5000150177807293
'Meryl Streep',fr,unknown,#111111,#111111,3,0.4924616350363643
'George Miller',fr,unknown,#111111,#111111,3,0.4908058178637302
'Anya Taylor-Joy',fr,unknown,#111111,#111111,3,0.4769401864378575
'Omar Sy',fr,unknown,#111111,#111111,2,0.4737015763417029
'Chris Hemsworth',fr,unknown,#111111,#111111,3,0.4725926211011313
'Demi Moore',fr,unknown,#111111,#111111,3,0.4697768012323242
'Andrea Arnold',fr,unknown,#111111,#111111,2,0.4610850849357814
'Francis Ford Coppola',fr,unknown,#111111,#111111,3,0.4605648260768102
'Dua Lipa',fr,unknown,#111111,#111111,3,0.4590621434057688
'Édouard Philippe',fr,unknown,#111111,#111111,3,0.4589937418797684
'Eva Green',fr,unknown,#111111,#111111,2,0.457814616974176
'Radical Optimism',fr,unknown,#111111,#111111,1,0.4537810911280117
'président de la République',fr,unknown,#111111,#111111,3,0.4491738016311695
'Volodymyr Zelensky',fr,Ukraine,#e818e8,#e818e8,3,0.4480030328622142
'Roger Corman',fr,unknown,#111111,#111111,1,0.4471299313772126
'Jeff Ross',fr,unknown,#111111,#111111,2,0.4445960971910507
'Emmanuel Macron',fr,Frankreich,#e8e808,#e8e808,3,0.441944610343579
'Poutine',fr,Russland,#e81818,#e81818,3,0.4409162046898718
'Nathalie Emmanuel',fr,unknown,#111111,#111111,3,0.4404995975793007
'Joe Biden',fr,USA,#18e8e8,#18e8e8,3,0.4399775335735187
'Jake Gyllenhaal',fr,unknown,#111111,#111111,1,0.4373775096094837
'Laurent Wauquiez',fr,unknown,#111111,#111111,3,0.4369120564385088
'Lana Del Rey',fr,unknown,#111111,#111111,2,0.4361684995740854
'Valérie Hayer',fr,unknown,#111111,#111111,3,0.4356690556082288
'Margot Robbie',fr,unknown,#111111,#111111,3,0.4340483472538868
'Clément Beaune',fr,unknown,#111111,#111111,2,0.4335289383375568
'LeBron James',fr,unknown,#111111,#111111,2,0.4335187379761862
'Jean-Luc Mélenchon',fr,unknown,#111111,#111111,3,0.4325720933326177
'Ron Howard',fr,unknown,#111111,#111111,1,0.4324735181191224
'Mark Cuban',fr,unknown,#111111,#111111,1,0.4321999446144828
'Hubert Aiwanger',fr,unknown,#111111,#111111,1,0.4319696910513135
'America Ferrera',fr,unknown,#111111,#111111,1,0.431965911322869
'Chuck Schumer',fr,unknown,#111111,#111111,3,0.4319311630981278
'Nikki Haley',fr,USA,#18e8e8,#18e8e8,2,0.4319122411965349
'Jason Kelce',fr,unknown,#111111,#111111,2,0.4314697138473803
'Tony Bobulinski',fr,unknown,#111111,#111111,1,0.4314531059610423
'Chris Kirkpatrick',fr,unknown,#111111,#111111,1,0.431290553432018
'Kim Mulkey',fr,unknown,#111111,#111111,1,0.4311512066131645
'Cameron Brink',fr,unknown,#111111,#111111,1,0.4309994180930448
'Matt Lauer',fr,unknown,#111111,#111111,1,0.4308350372568189
'Jon Hamm',fr,unknown,#111111,#111111,1,0.4305890673187018
'Dawn Staley',fr,unknown,#111111,#111111,1,0.4304606305397989
'Kate Hudson',fr,unknown,#111111,#111111,1,0.4302343943519801
'Tim Malone',fr,unknown,#111111,#111111,1,0.4300846154557038
'Dwayne Johnson',fr,unknown,#111111,#111111,1,0.4300246446154412
'Ryan Gosling',fr,unknown,#111111,#111111,2,0.429515149575
'Benny Safdie',fr,unknown,#111111,#111111,2,0.4292254865684506
'Charles Barkley',fr,unknown,#111111,#111111,1,0.4290588193668119
'Kylie Kelce',fr,unknown,#111111,#111111,1,0.4290581280877641
'Wagner-Chef Prigoschin',fr,unknown,#111111,#111111,1,0.428935710456891
'Kamilla Cardoso',fr,unknown,#111111,#111111,1,0.4288518059061653
'Emily Blunt',fr,unknown,#111111,#111111,1,0.4287524965342265
'Kristen Wiig',fr,unknown,#111111,#111111,2,0.4286404124239514
'Cristiano Ronaldo',fr,Portugal,#111111,#111111,3,0.4286166608523806
'Yorgos Lanthimos',fr,unknown,#111111,#111111,1,0.428613235253089
'Jerod Mayo',fr,unknown,#111111,#111111,1,0.4282843102172731
'Robert Downey Jr',fr,unknown,#111111,#111111,1,0.4278066213779907
'Maya Rudolph',fr,unknown,#111111,#111111,1,0.4277758892220192
'Aubrey Plaza',fr,unknown,#111111,#111111,1,0.4276642055658312
'Antonio Brown',fr,unknown,#111111,#111111,1,0.4269568523662022
'Victoria Monét',fr,unknown,#111111,#111111,1,0.4267515416806687
'Barry Keoghan',fr,unknown,#111111,#111111,1,0.4266135304000829
'François Bayrou',fr,unknown,#111111,#111111,3,0.4263400446705284
'Marine Le Pen',fr,Frankreich,#e8e808,#e8e808,3,0.4262516435666306
'Jimmy Kimmel',fr,unknown,#111111,#111111,1,0.4261280596208802
'Vivek Ramaswamy',fr,unknown,#111111,#111111,1,0.4260484034629611
'Hailey Van Lith',fr,unknown,#111111,#111111,1,0.4260473500452237
'Greg Brockman',fr,unknown,#111111,#111111,1,0.4259907480712449
'Vladimir Poutine',fr,Russland,#e81818,#e81818,3,0.4258862468913051
'Rachida Dati',fr,unknown,#111111,#111111,3,0.4255187805752425
'Sam Bankman-Fried',fr,unknown,#111111,#111111,1,0.4250503615258906
'Jesse Watters',fr,USA,#18e8e8,#18e8e8,1,0.425
'Nicolas Sarkozy',fr,unknown,#111111,#111111,3,0.4245893902344634
'Fabien Roussel',fr,unknown,#111111,#111111,3,0.4235972758280261
'Lauren Sánchez',fr,USA,#18e8e8,#18e8e8,1,0.4224487184094728
'Jon Batiste',fr,unknown,#111111,#111111,2,0.4222693404037111
'Emma Stone',fr,unknown,#111111,#111111,2,0.4220113782260007
'Sandy Hook',fr,unknown,#111111,#111111,1,0.4217478852441128
'Joe Jonas',fr,unknown,#111111,#111111,2,0.4216877900016239
'Gérald Darmanin',fr,Frankreich,#e8e808,#e8e808,3,0.4212620385944056
'Ben Affleck',fr,unknown,#111111,#111111,2,0.4211577213601544
'Marguerite Cazeneuve',fr,unknown,#111111,#111111,2,0.4210675250594203
'Sam H',fr,unknown,#111111,#111111,2,0.4209305662283401
'Greta Gerwig',fr,unknown,#111111,#111111,3,0.4197941866238994
'Élisabeth Borne',fr,Frankreich,#e8e808,#e8e808,3,0.419564840344478
'Pedro Pascal',fr,unknown,#111111,#111111,2,0.419246741913267
'Joey Fatone',fr,unknown,#111111,#111111,1,0.4191847514223578
'Luc Terlinden',fr,unknown,#111111,#111111,2,0.4189166713239729
'Le Pen',fr,Frankreich,#e8e808,#e8e808,3,0.4185050709231448
'Adam Driver',fr,unknown,#111111,#111111,3,0.4178957527315391
'Prince Charles',fr,UK,#e838e8,#e838e8,3,0.4175772387481248
'Gabriel Attal',fr,unknown,#111111,#111111,3,0.4175317636516572
'Elizabeth Warren',fr,unknown,#111111,#111111,1,0.4174946735815725
'Mike Johnson',fr,unknown,#111111,#111111,3,0.4171888273365092
'Joe Alwyn',fr,unknown,#111111,#111111,1,0.4168803493780808
'Howard Stern',fr,unknown,#111111,#111111,2,0.415991650811178
'Fani Willis',fr,unknown,#111111,#111111,2,0.4158464319245745
'Gerald Darmanin',fr,unknown,#111111,#111111,1,0.414889520660766
'Al Nassr',fr,unknown,#111111,#111111,2,0.4140773368873027
'Alexander De Croo',fr,Belgien,#111111,#111111,3,0.4130294041272727
'Sergio Mattarella',fr,Italien,#111111,#111111,2,0.4125113163523353
'Michelle Williams',fr,unknown,#111111,#111111,1,0.412509738822127
'Yaël Braun-Pivet',fr,unknown,#111111,#111111,3,0.412115860426899
'Berkshire Hathaway',fr,USA,#18e8e8,#18e8e8,2,0.4120143731089731
'Kevin McCarthy',fr,USA,#18e8e8,#18e8e8,3,0.4118097674042613
'Ben Wallace',fr,unknown,#111111,#111111,2,0.4100166184874999
'Daniel Penny',fr,USA,#18e8e8,#18e8e8,2,0.4098400633468183
'Lionel Messi',fr,Argentinien,#111111,#111111,3,0.4074853048356437
'James Biden',fr,unknown,#111111,#111111,1,0.4064528482987601
'Kevin Hart',fr,unknown,#111111,#111111,1,0.4061743076464733
'Brad Pitt',fr,unknown,#111111,#111111,3,0.4055902341462924
'Richard Ferrand',fr,Frankreich,#e8e808,#e8e808,2,0.4046706942563635
'Sophie Turner',fr,unknown,#111111,#111111,2,0.4042649435751363
'Vo Van Thuong',fr,unknown,#111111,#111111,1,0.4037295080477713
'Premier ministre',fr,unknown,#111111,#111111,3,0.403072832791061
'Selena Gomez',fr,unknown,#111111,#111111,2,0.4012709695328206
'Sophia Chikirou',fr,unknown,#111111,#111111,3,0.4011941389726304
'Amber Heard',fr,USA,#18e8e8,#18e8e8,2,0.4008985901838606
'Javier Milei',fr,unknown,#111111,#111111,2,0.4008500325014768
'Ayo Edebiri',fr,unknown,#111111,#111111,2,0.3988747800178688
'Bruno Retailleau',fr,Frankreich,#e8e808,#e8e808,3,0.3981837086475538
'Travis Kelce',fr,unknown,#111111,#111111,3,0.3981088440498037
'Olaf Scholz',fr,Deutschland,#1818e8,#1818e8,3,0.3979962615931818
'Matt Gaetz',fr,unknown,#111111,#111111,1,0.39770267098599
'Tasneem Essop',fr,unknown,#111111,#111111,1,0.39767503
'Rupert Murdoch',fr,unknown,#111111,#111111,1,0.397559366525
'Hans Joosten',fr,unknown,#111111,#111111,1,0.397375
'Enissa Amani',fr,unknown,#111111,#111111,1,0.397375
'Autumn Peltier',fr,unknown,#111111,#111111,1,0.397375
'Gorbatschow',fr,unknown,#111111,#111111,1,0.397375
'Mark Meadows',fr,unknown,#111111,#111111,1,0.3973335568493202
'nan Si',fr,unknown,#111111,#111111,1,0.3969283605990067
'Gigi Hadid',fr,unknown,#111111,#111111,1,0.3963713384795956
'Jennifer Garner',fr,unknown,#111111,#111111,1,0.3958773819668431
'Sabrina Carpenter',fr,unknown,#111111,#111111,2,0.3950665323365903
'Bob Menendez',fr,unknown,#111111,#111111,1,0.3942539047029232
'Taylor Swift',fr,unknown,#111111,#111111,3,0.3933143144662394
'Aaron Rodgers',fr,unknown,#111111,#111111,1,0.3929710633679797
'Carter Reum',fr,unknown,#111111,#111111,1,0.392903527965276
'Vanessa Nakate',fr,unknown,#111111,#111111,1,0.3923707751875
'Camille Etienne',fr,Frankreich,#e8e808,#e8e808,2,0.3897874739006754
'Lance Bass',fr,unknown,#111111,#111111,2,0.3884672997705826
'Gérard Larcher',fr,unknown,#111111,#111111,3,0.3882944494759667
'Jim Jordan',fr,unknown,#111111,#111111,2,0.3861199514179166
'Sean Hannity',fr,unknown,#111111,#111111,1,0.3859052054122092
'Edouard Philippe',fr,unknown,#111111,#111111,3,0.3857207279022395
'Lula da Silva',fr,Brasilien,#58e838,#58e848,3,0.3843223839431817
'Alexander Smirnov',fr,unknown,#111111,#111111,1,0.3843038917718104
'Jonathan Turley',fr,unknown,#111111,#111111,1,0.3838770947781638
'Lara Trump',fr,unknown,#111111,#111111,1,0.3838134594176337
'Tiffany Chen',fr,USA,#18e8e8,#18e8e8,1,0.3834691016582703
'Christopher Nolan',fr,USA,#18e8e8,#18e8e8,2,0.3832601660786789
'Matteo Salvini',fr,Italien,#111111,#111111,1,0.3830350177142856
'Miley Cyrus',fr,unknown,#111111,#111111,2,0.3826356672342891
'Bronny James',fr,unknown,#111111,#111111,1,0.3826326516988247
'Robert Badinter',fr,unknown,#111111,#111111,2,0.3824951050521765
'Jean-Denis Combrexelle',fr,unknown,#111111,#111111,1,0.3821515121008312
'David Weiss',fr,unknown,#111111,#111111,2,0.3811645075803946
'Sam Altman',fr,USA,#18e8e8,#18e8e8,3,0.3803477266691376
'Ahmed Al Jaber',fr,unknown,#111111,#111111,1,0.3797738811977272
'Imran Khan',fr,unknown,#111111,#111111,2,0.3796628155191194
'Marine Le Pen',fr,Frankreich,#e8e808,#e8e808,3,0.3794050463114489
'Bradley Cooper',fr,unknown,#111111,#111111,3,0.3793931587176236
'Geert Wilders',fr,Niederlande,#111111,#111111,1,0.3790439956208333
'Robert de Niro',fr,USA,#18e8e8,#18e8e8,3,0.378982144890312
'Sam Asghari',fr,unknown,#111111,#111111,1,0.3789587915719898
'Cara Delevingne',fr,unknown,#111111,#111111,1,0.378495254214076
'Kim Kardashian',fr,USA,#18e8e8,#18e8e8,3,0.3783211845105782
'Lewis Kaplan',fr,unknown,#111111,#111111,1,0.3781330686828534
'António Guterres',fr,unknown,#111111,#111111,2,0.3780329005433604
'Rosa Parks',fr,unknown,#111111,#111111,1,0.3775660667592275
'Pedro Sánchez',fr,Spanien,#111111,#111111,1,0.377283953
'Elisabeth Borne',fr,Frankreich,#e8e808,#e8e808,2,0.3769103120904268
'Alex Jones',fr,unknown,#111111,#111111,1,0.3768887244472287
'Caroline Ellison',fr,unknown,#111111,#111111,2,0.3767955540005945
'Roger Federer',fr,unknown,#111111,#111111,3,0.3766920917180817
'Ivanka Trump',fr,unknown,#111111,#111111,1,0.376294123631204
'Laura Ingraham',fr,USA,#18e8e8,#18e8e8,1,0.3758274673589374
'Jimmy Carter',fr,USA,#18e8e8,#18e8e8,2,0.375811558041162
'Chris Hipkins',fr,Neuseeland,#1818e8,#1818e8,2,0.3757926619367992
'Paris Hilton',fr,unknown,#111111,#111111,1,0.3752388362322826
'Paul Biya',fr,unknown,#111111,#111111,3,0.3751523287375169
'Kim Jong Un',fr,NordKorea,#e85858,#e85858,3,0.3744597187525994
'Irina Shayk',fr,unknown,#111111,#111111,1,0.3743536135688818
'Eric Ciotti',fr,Frankreich,#e8e808,#e8e808,3,0.3736109141764828
'Brian Kilmeade',fr,unknown,#111111,#111111,1,0.3735839063021171
'Leonard Bernstein',fr,unknown,#111111,#111111,1,0.3735404624656065
'Leni Klum',fr,unknown,#111111,#111111,1,0.373494475259622
'Aurélien Pradié',fr,Frankreich,#e8e808,#e8e808,2,0.3734144044325568
'James Cameron',fr,USA,#18e8e8,#18e8e8,3,0.3733731500227272
'Karim Benzema',fr,Frankreich,#e8e808,#e8e808,3,0.3729741334122924
'Olivier Dussopt',fr,unknown,#111111,#111111,1,0.3724056850420453
'Gisele Bündchen',fr,unknown,#111111,#111111,1,0.3715276294106612
'Lawrence Jones',fr,unknown,#111111,#111111,1,0.371034194571173
'Vincent Van Quickenborne',fr,unknown,#111111,#111111,1,0.370880910966872
'Recep Tayyip Erdoan',fr,Türkei,#111111,#111111,3,0.3706572550909056
'Bruce Springsteen',fr,USA,#18e8e8,#18e8e8,2,0.3705156215472655
'Viktor Shokin',fr,unknown,#111111,#111111,1,0.3702137712162214
'Patricia Blanco',fr,Deutschland,#1818e8,#1818e8,1,0.3696140385874999
'Putin',fr,Russland,#e81818,#e81818,2,0.3695257485663829
'Stockton Rush',fr,USA,#18e8e8,#18e8e8,1,0.3693219418636363
'Mira Murati',fr,unknown,#111111,#111111,1,0.3690670266851377
'Robert De Niro',fr,USA,#18e8e8,#18e8e8,2,0.36886083471993
'Willem Dafoe',fr,unknown,#111111,#111111,1,0.3688259692613996
'Ana Navarro',fr,unknown,#111111,#111111,1,0.3686542825640511
'Trevian Kutti',fr,unknown,#111111,#111111,1,0.368625015
'Teresa Giudice',fr,unknown,#111111,#111111,1,0.3684497098264766
'Robin Roberts',fr,unknown,#111111,#111111,1,0.3683865345287481
'Jessy Wellmer',fr,unknown,#111111,#111111,1,0.3681878850453082
'Steve Doocy',fr,unknown,#111111,#111111,1,0.3681690795826683
'Bridget Moynahan',fr,unknown,#111111,#111111,1,0.3681057232613337
'Peyton Manning',fr,unknown,#111111,#111111,1,0.3680131077142565
'David Koch',fr,unknown,#111111,#111111,1,0.3678897846042597
'Harrison Ford',fr,unknown,#111111,#111111,1,0.3675501536164314
'Jamie Spears',fr,unknown,#111111,#111111,1,0.3675453227085645
'Billionaire Bunker',fr,unknown,#111111,#111111,1,0.3670049639409862
'Andrew Schulz',fr,unknown,#111111,#111111,1,0.3669592794140371
'Martha MacCallum',fr,unknown,#111111,#111111,2,0.3667657721721739
'Joy Behar',fr,unknown,#111111,#111111,1,0.3664925635393241
'Joaquim Valente',fr,unknown,#111111,#111111,1,0.3664761388322351
'Petro Poroshenko',fr,unknown,#111111,#111111,1,0.3663525085612561
'Sarah Stier',fr,unknown,#111111,#111111,1,0.3663004184122838
'Giorgio Napolitano',fr,unknown,#111111,#111111,1,0.3662449417852093
'Bill Geddie',fr,unknown,#111111,#111111,1,0.3661490244664183
'Matty Healy',fr,unknown,#111111,#111111,1,0.3660041881972571
'Sara Haines',fr,unknown,#111111,#111111,1,0.365904483123658
'Jessica Biel',fr,unknown,#111111,#111111,1,0.3658994971308783
'Hazel Monét',fr,unknown,#111111,#111111,1,0.3657553588062978
'Ainsley Earhardt',fr,unknown,#111111,#111111,1,0.3656946372029856
'Bret Baier',fr,unknown,#111111,#111111,1,0.3656509734788155
'Jared Kushner',fr,unknown,#111111,#111111,1,0.3654930341848966
'Tina Turner',fr,USA,#18e8e8,#18e8e8,2,0.3654771740430256
'Gisele Bundchen',fr,unknown,#111111,#111111,1,0.365163311144851
'Pat McAfee',fr,unknown,#111111,#111111,1,0.3650879988147948
'Brittany Mahomes',fr,unknown,#111111,#111111,1,0.3648799945333181
'Sherri Shepherd',fr,unknown,#111111,#111111,1,0.364547183443331
'Melania Trump',fr,unknown,#111111,#111111,1,0.3644965562828161
'Linda Yaccarino',fr,USA,#18e8e8,#18e8e8,3,0.3635298623645496
'Cassidy Hutchinson',fr,unknown,#111111,#111111,1,0.3634172500474729
'Jack Antonoff',fr,unknown,#111111,#111111,2,0.3633263324603483
'Suleika Jaouad',fr,unknown,#111111,#111111,1,0.3628713798953601
'Bruno Le Maire',fr,Frankreich,#e8e808,#e8e808,3,0.3628633704078269
'Angelina Jolie',fr,unknown,#111111,#111111,2,0.3626933087890395
'Jason Whitlock',fr,unknown,#111111,#111111,1,0.3625641073381917
'Jane Fonda',fr,unknown,#111111,#111111,1,0.3624672286793359
'Nikki Glaser',fr,unknown,#111111,#111111,1,0.3624280171003289
'Alyssa Farah Griffin',fr,unknown,#111111,#111111,1,0.3623145567262802
'Hugh Grant',fr,unknown,#111111,#111111,1,0.3621710730346374
'Maria Bartiromo',fr,unknown,#111111,#111111,1,0.3621236493758051
'Billy Crystal',fr,unknown,#111111,#111111,1,0.3619923566988302
'Pablo Picasso',fr,Spanien,#111111,#111111,2,0.3617233855625
'George Santos',fr,USA,#18e8e8,#18e8e8,1,0.3615050704999999
'Katy Perry',fr,USA,#18e8e8,#18e8e8,3,0.3614742758982953
'Salvador Dali',fr,Spanien,#111111,#111111,1,0.36140002775
'Patti LaBelle',fr,USA,#18e8e8,#18e8e8,1,0.3614000149999999
'Shahzada Dawood',fr,Pakistan,#111111,#111111,3,0.3612966174352273
'Kim Yo Jong',fr,NordKorea,#111111,#111111,1,0.3612501402499999
'Chelsea Handler',fr,USA,#18e8e8,#18e8e8,1,0.3612500254999999
'Thomas Bayes',fr,UK,#e838e8,#e838e8,1,0.3612499999999999
'Moon Hyung-jin',fr,USA,#18e8e8,#18e8e8,1,0.3612499999999999
'Franca Lehfeldt',fr,Deutschland,#1818e8,#1818e8,1,0.3612499999999999
'Markus Wipperfürth',fr,Deutschland,#1818e8,#1818e8,1,0.3612499999999999
'Pedro Sánchez Pérez-Castejón',fr,Spanien,#111111,#111111,1,0.3612499999999999
'Sergei Surovikin',fr,Russland,#e81818,#e81818,1,0.3612499999999999
'Tim Müller',fr,Deutschland,#1818e8,#1818e8,1,0.3612499999999999
'Gilbert Plass',fr,Kanada,#111111,#111111,1,0.3612499999999999
'König Felipe VI',fr,Spanien,#111111,#111111,1,0.3612499999999999
'Reinhard Marx',fr,Deutschland,#1818e8,#1818e8,1,0.3612499999999999
'Caren Miosga',fr,Deutschland,#1818e8,#1818e8,1,0.3612499999999999
'Kemal Kilicdaroglu',fr,Türkei,#111111,#111111,2,0.361149957477122
'Jennifer Lopez',fr,unknown,#111111,#111111,2,0.3609814317893738
'François Braun',fr,unknown,#111111,#111111,3,0.3607370197114447
'Pierre-Yves Dermagne',fr,Belgien,#111111,#111111,3,0.3606871268428181
'Nawaz Sharif',fr,unknown,#111111,#111111,1,0.3606680373652435
'Stormy Daniels',fr,USA,#18e8e8,#18e8e8,1,0.3606657808734067
'Jacques Doriot',fr,unknown,#111111,#111111,1,0.3606225458189163
'Olivier Marleix',fr,Frankreich,#e8e808,#e8e808,3,0.3606222457617045
'Abraham Lincoln',fr,unknown,#111111,#111111,1,0.36038081179625
'Jean Jouzel',fr,unknown,#111111,#111111,1,0.3601699004461313
'Tom Brady',fr,unknown,#111111,#111111,1,0.3601070931571928
'Marie Trintignant',fr,unknown,#111111,#111111,1,0.3596852810591349
'Olivia Rodrigo',fr,unknown,#111111,#111111,2,0.3595654653636795
'Jill Biden',fr,USA,#18e8e8,#18e8e8,2,0.3591050561284573
'Dieter Bohlen',fr,Deutschland,#1818e8,#1818e8,1,0.3589482047825056
'Narendra Modi',fr,Indien,#111111,#111111,2,0.3588943400579544
'Ines de Ramon',fr,unknown,#111111,#111111,1,0.3584568436830915
'Billie Eilish',fr,unknown,#111111,#111111,1,0.358039462951059
'Lily Gladstone',fr,unknown,#111111,#111111,1,0.3574898094402343
'Peregrine Pearson',fr,unknown,#111111,#111111,1,0.3570096851812721
'Devon Archer',fr,unknown,#111111,#111111,1,0.3569062281835301
'Gayle King',fr,unknown,#111111,#111111,1,0.356548070428044
'Noam Chomsky',fr,USA,#18e8e8,#18e8e8,2,0.356440861898125
'Boris Johnson',fr,UK,#e838e8,#e838e8,2,0.3564310846167051
'Ronna McDaniel',fr,unknown,#111111,#111111,1,0.356289690344024
'George Clooney',fr,USA,#18e8e8,#18e8e8,2,0.3554217655494293
'Indiana Jones',fr,unknown,#111111,#111111,2,0.3553646828371694
'Stefan Aust',fr,Deutschland,#1818e8,#1818e8,1,0.3550495330499999
'Bill Belichick',fr,unknown,#111111,#111111,1,0.354503174728645
'Michael Kahle',fr,Deutschland,#1818e8,#1818e8,1,0.354025
'Sergei Shoigu',fr,unknown,#111111,#111111,1,0.3539624999294655
'Kai Wegner',fr,Deutschland,#1818e8,#1818e8,2,0.3536555618283653
'Rosalynn Carter',fr,USA,#18e8e8,#18e8e8,1,0.3533415265493749
'Derek Chauvin',fr,unknown,#111111,#111111,1,0.3523417828689035
'Bernard Arnault',fr,Frankreich,#e8e808,#e8e808,3,0.3523348265040064
'Sergio Massa',fr,unknown,#111111,#111111,1,0.351823626331011
'Demeke Mekonnen',fr,unknown,#111111,#111111,1,0.350789146025
'Kamala Harris',fr,USA,#18e8e8,#18e8e8,2,0.3497168537008396
'Sultan al-Jaber',fr,VAE,#111111,#111111,3,0.3494003595842725
'Prinz Heinrich XIII',fr,Deutschland,#1818e8,#1818e8,1,0.348803017592857
'Tim Scott',fr,USA,#18e8e8,#18e8e8,2,0.3485414615094919
'Bill Clinton',fr,USA,#18e8e8,#18e8e8,1,0.348500057077784
'Tom Hanks',fr,unknown,#111111,#111111,2,0.3479925407106735
'Hendrik Wüst',fr,Deutschland,#1818e8,#1818e8,2,0.3479702765572583
'Patrick Pouyanné',fr,Frankreich,#e8e808,#e8e808,3,0.3478286376308815
'Nina Gummich',fr,Deutschland,#1818e8,#1818e8,1,0.3477403265410714
'Patrick Graichen',fr,Deutschland,#1818e8,#1818e8,1,0.347377300353502
'Billy Graham',fr,USA,#18e8e8,#18e8e8,1,0.3470652345464375
'Andrew Tate',fr,USA,#18e8e8,#18e8e8,1,0.3470077593230795
'Ron Johnson',fr,unknown,#111111,#111111,1,0.3468684824237203
'William Friedkin',fr,unknown,#111111,#111111,1,0.3466426141499999
'Jamie Dimon',fr,USA,#18e8e8,#18e8e8,1,0.3465031427776989
'Jack Smith',fr,USA,#18e8e8,#18e8e8,1,0.3454141584875794
'Ted Cruz',fr,USA,#18e8e8,#18e8e8,2,0.3453106314393675
'Robert Menendez',fr,unknown,#111111,#111111,1,0.3448368670979198
'Jordan Bardella',fr,Frankreich,#e8e808,#e8e808,3,0.3446483996661533
'Dmitri Medwedew',fr,Russland,#e81818,#e81818,2,0.3445599594931818
'Laurent Berger',fr,Frankreich,#e8e808,#e8e808,1,0.3445180505497158
'Marlène Schiappa',fr,unknown,#111111,#111111,2,0.3443751631565033
'Steven Spielberg',fr,USA,#18e8e8,#18e8e8,3,0.3440426978705369
'Erich Honecker',fr,Deutschland,#1818e8,#1818e8,1,0.3419596733
'Patrick Mahomes',fr,unknown,#111111,#111111,1,0.3418397825762501
'Heidi Klum',fr,unknown,#111111,#111111,1,0.3415953063185271
'Martin Luther King',fr,USA,#18e8e8,#18e8e8,2,0.3415619442602821
'Gavin Newsom',fr,unknown,#111111,#111111,2,0.341023691004774
'Rudy Giuliani',fr,USA,#18e8e8,#18e8e8,1,0.3405937999867186
'Jordan Neely',fr,USA,#18e8e8,#18e8e8,1,0.3392437081555355
'Margaret Thatcher',fr,UK,#e838e8,#e838e8,2,0.3390277435744375
'Steve Scalise',fr,unknown,#111111,#111111,1,0.3388689958120831
'Mary Robinson',fr,unknown,#111111,#111111,1,0.3384573488499999
'Christian Lindner',fr,Deutschland,#1818e8,#1818e8,3,0.3382756610508928
'prince Harry',fr,UK,#e838e8,#e838e8,2,0.338265380961459
'Geoffrey Hinton',fr,UK,#e838e8,#e838e8,3,0.3381354264958989
'Tucker Carlson',fr,USA,#18e8e8,#18e8e8,1,0.338092017310273
'Robin Wall Kimmerer',fr,unknown,#111111,#111111,1,0.3380462777499999
'Prinzessin Diana',fr,UK,#e838e8,#e838e8,1,0.3378396345136363
'Eriberto Gualinga',fr,unknown,#111111,#111111,1,0.3377687499999999
'Mark Hertsgaard',fr,unknown,#111111,#111111,1,0.3377687499999999
'Minka Indigena',fr,unknown,#111111,#111111,1,0.3377687499999999
'Sophia Kianni',fr,unknown,#111111,#111111,1,0.3377687499999999
'Helena Gualinga',fr,unknown,#111111,#111111,1,0.3377687499999999
'Kyle Pope',fr,unknown,#111111,#111111,1,0.3377687499999999
'Steven Donziger',fr,unknown,#111111,#111111,1,0.3377687499999999
'Marjan Minnesma',fr,unknown,#111111,#111111,1,0.3377687499999999
'Claudia Kempfert',fr,unknown,#111111,#111111,1,0.3377687499999999
'Eric Adams',fr,USA,#18e8e8,#18e8e8,2,0.3377493612303905
'Roman Pacino',fr,unknown,#111111,#111111,2,0.3373385360570501
'Cem Özdemir',fr,Deutschland,#1818e8,#1818e8,2,0.3369436536447256
'Rudolf Steiner',fr,Oesterreich,#111111,#111111,1,0.3365496075089375
'Ron DeSantis',fr,USA,#18e8e8,#18e8e8,3,0.335952659677906
'Markus Lanz',fr,Deutschland,#1818e8,#1818e8,1,0.3358974190448449
'Recep Tayyip Erdogan',fr,Türkei,#111111,#111111,3,0.3358088729573197
'nan nan',fr,unknown,#111111,#111111,1,0.3354117685534518
'Pap Ndiaye',fr,unknown,#111111,#111111,1,0.3352729374618502
'Chris Christie',fr,USA,#18e8e8,#18e8e8,1,0.3350235677406817
'Steve Jobs',fr,USA,#18e8e8,#18e8e8,2,0.3344056574655363
'Aurélien Rousseau',fr,unknown,#111111,#111111,1,0.3343050138678851
'Helmut Kohl',fr,Deutschland,#1818e8,#1818e8,1,0.3342367445204118
'Lady Gaga',fr,USA,#18e8e8,#18e8e8,1,0.3340963868892857
'Britney Spears',fr,unknown,#111111,#111111,2,0.3339081876800593
'Georg Gänswein',fr,Deutschland,#1818e8,#1818e8,1,0.3334885950361075
'Donald Trump',fr,USA,#18e8e8,#18e8e8,3,0.3331925996719329
'Jeanne du Barry',fr,Frankreich,#e8e808,#e8e808,1,0.3330419100352499
'James Cleverly',fr,UK,#e838e8,#e838e8,2,0.3329661589539771
'James Comer',fr,unknown,#111111,#111111,1,0.3325844581623993
'Albert Einstein',fr,Deutschland,#1818e8,#1818e8,3,0.3322506650085003
'Robert Sesselmann',fr,Deutschland,#1818e8,#1818e8,1,0.3318031160107142
'Kim Reynolds',fr,unknown,#111111,#111111,1,0.3301540686683666
'Robert Oppenheimer',fr,USA,#18e8e8,#18e8e8,1,0.3295273735264903
'Mick Jagger',fr,unknown,#111111,#111111,1,0.3291205204246372
'Lauren Boebert',fr,USA,#18e8e8,#18e8e8,1,0.3290829350419234
'Selenski',fr,Ukraine,#e818e8,#e818e8,3,0.3287688968417335
'Charlie Munger',fr,unknown,#111111,#111111,1,0.3284103743425456
'Yevgeny Prigozhin',fr,Russland,#e81818,#e81818,1,0.3278972997384821
'Tony Bennett',fr,USA,#18e8e8,#18e8e8,1,0.3275053653456681
'Evgueni Prigojine',fr,Russland,#e81818,#e81818,1,0.3267444545801419
'Jackson Hole',fr,unknown,#111111,#111111,1,0.326670975649342
'Éric Ciotti',fr,Frankreich,#e8e808,#e8e808,2,0.3261239873237227
'Reed Richards',fr,unknown,#111111,#111111,1,0.3260273093678377
'John Fetterman',fr,unknown,#111111,#111111,1,0.3260163015639346
'Peter Tschentscher',fr,Deutschland,#1818e8,#1818e8,1,0.325764497562784
'Peter Thiel',fr,USA,#18e8e8,#18e8e8,2,0.3257089734652482
'Queen Camilla',fr,UK,#e838e8,#e838e8,1,0.325100069320713
'Mario Czaja',fr,Deutschland,#1818e8,#1818e8,2,0.3242257559430396
'Greg Abbott',fr,USA,#18e8e8,#18e8e8,1,0.3242054515756628
'Nadja Abd el Farrag',fr,Deutschland,#1818e8,#1818e8,1,0.3236339068212706
'Lionel Richie',fr,USA,#18e8e8,#18e8e8,2,0.3233740703545202
'Barack Obama',fr,USA,#18e8e8,#18e8e8,3,0.3233023036276458
'Lauren Sanchez',fr,USA,#18e8e8,#18e8e8,1,0.3232245946481249
'Paul-Henry Nargeolet',fr,Frankreich,#e8e808,#e8e808,1,0.3225878858749998
'Noor Alfallah',fr,USA,#18e8e8,#18e8e8,1,0.3223080371849998
'Mohammed Bin Salman',fr,SaudiArabien,#111111,#111111,1,0.3217591358749999
'Carey Mulligan',fr,unknown,#111111,#111111,1,0.3204230438267732
'Pape François',fr,Vatikan,#58b8e8,#58b8e8,3,0.3198682879916808
'Yannick Morez',fr,Frankreich,#e8e808,#e8e808,2,0.3194697880838598
'Marjorie Taylor Greene',fr,USA,#18e8e8,#18e8e8,1,0.3194240732607499
'Al Pacino',fr,USA,#18e8e8,#18e8e8,1,0.3193102490506249
'Willie Nelson',fr,unknown,#111111,#111111,1,0.3183601419830112
'Leonardo da Vinci',fr,Italien,#111111,#111111,1,0.3180057921849999
'Tim Cook',fr,USA,#18e8e8,#18e8e8,3,0.3179030269130657
'Phoebe Bridgers',fr,unknown,#111111,#111111,1,0.3176953331581929
'Justin Timberlake',fr,unknown,#111111,#111111,1,0.3173820879168753
'Axel Springer',fr,Deutschland,#1818e8,#1818e8,2,0.3171331889968749
'Katja Krasavice',fr,Deutschland,#1818e8,#1818e8,1,0.3148820960178919
'Jeffrey Epstein',fr,USA,#18e8e8,#18e8e8,2,0.3143820654741391
'Drena De Niro',fr,USA,#18e8e8,#18e8e8,1,0.3143724338487499
'Lachlan Murdoch',fr,UK,#e838e8,#e838e8,1,0.3142994406294687
'Leandro De Niro Rodriguez',fr,USA,#18e8e8,#18e8e8,1,0.3141719435396561
'Eric Trump',fr,unknown,#111111,#111111,2,0.3141601524568607
'Hillary Clinton',fr,USA,#18e8e8,#18e8e8,1,0.3133913505977271
'Colin Farrell',fr,unknown,#111111,#111111,2,0.3133562537170389
'Bill Barr',fr,unknown,#111111,#111111,1,0.3133353972530616
'Lady Di',fr,UK,#e838e8,#e838e8,1,0.3132544909619894
'Missy Elliott',fr,unknown,#111111,#111111,1,0.3131949049188577
'Johnny Depp',fr,USA,#18e8e8,#18e8e8,2,0.3127490379375738
'Rand Paul',fr,unknown,#111111,#111111,1,0.3114959356387861
'Sunny Hostin',fr,unknown,#111111,#111111,1,0.3113099821804901
'Jake Tapper',fr,unknown,#111111,#111111,1,0.3112047713834145
'Nancy Mace',fr,unknown,#111111,#111111,1,0.3111791142384638
'Hunter Biden',fr,USA,#18e8e8,#18e8e8,1,0.3108572026999999
'Leandro De Niro-Rodriguez',fr,unknown,#111111,#111111,1,0.3107105849699051
'Robert Kraft',fr,unknown,#111111,#111111,1,0.3107094924525455
'Laura Maria Rypa',fr,unknown,#111111,#111111,1,0.3104335245418175
'Steve Wozniak',fr,USA,#18e8e8,#18e8e8,1,0.3103134908
'Chris Stapleton',fr,unknown,#111111,#111111,1,0.3102201161760031
'Henry Ford',fr,USA,#18e8e8,#18e8e8,2,0.3095509044092473
'Leonardo DiCaprio',fr,USA,#18e8e8,#18e8e8,1,0.309282565456104
'Tom Kaulitz',fr,unknown,#111111,#111111,1,0.3086768089923524
'Margaret Qualley',fr,unknown,#111111,#111111,1,0.3086600839452736
'King Charles',fr,UK,#e838e8,#e838e8,2,0.3085865537063068
'Pete Davidson',fr,USA,#18e8e8,#18e8e8,1,0.30764610935
'Jean-Jacques Rousseau',fr,Schweiz,#111111,#111111,1,0.3075376980124999
'Missy Motown',fr,Deutschland,#1818e8,#1818e8,1,0.3070624999999999
'Barbara Schöneberger',fr,Deutschland,#1818e8,#1818e8,1,0.3070624999999999
'Oisin Fanning',fr,Irland,#111111,#111111,1,0.3070624999999999
'Uwe Neumärker',fr,Deutschland,#1818e8,#1818e8,1,0.3070624999999999
'Malu Dreyer',fr,Deutschland,#1818e8,#1818e8,1,0.3070624999999999
'Sergej Surowikin',fr,Russland,#e81818,#e81818,1,0.3070624999999999
'Kemal Kiliçdaroglu',fr,Türkei,#111111,#111111,3,0.305737039579551
'Bettina Stark-Watzinger',fr,Deutschland,#1818e8,#1818e8,1,0.305532645573125
'Charles III',fr,UK,#e838e8,#e838e8,3,0.3046119308651951
'Meg Bellamy',fr,UK,#e838e8,#e838e8,2,0.3045747367962499
'Ramsan Kadyrow',fr,Russland,#e81818,#e81818,1,0.3030896055056817
'Yoon Suk Yeol',fr,SüdKorea,#111111,#111111,2,0.3029812239188409
'Henry Kissinger',fr,USA,#18e8e8,#18e8e8,1,0.3025945853592857
'Anne Will',fr,Deutschland,#1818e8,#1818e8,1,0.3014795184722896
'Leon Botstein',fr,USA,#18e8e8,#18e8e8,1,0.3003240304794686
'Konrad Adenauer',fr,Deutschland,#1818e8,#1818e8,1,0.300058768252787
'Königsgemahlin Camilla',fr,UK,#e838e8,#e838e8,1,0.2998811956070539
'George Bush',fr,USA,#18e8e8,#18e8e8,1,0.2991294504369153
'Winston Churchill',fr,UK,#e838e8,#e838e8,2,0.2984873633406154
'Papst Franziskus',fr,Vatikan,#58b8e8,#58b8e8,1,0.2983754277524075
'Hamish Harding',fr,UK,#e838e8,#e838e8,2,0.298296727383409
'Jack Teixeira',fr,USA,#18e8e8,#18e8e8,1,0.2967331152129548
'Finnegan Biden',fr,USA,#18e8e8,#18e8e8,1,0.2952764855582953
'Helge Schneider',fr,Deutschland,#1818e8,#1818e8,1,0.2949005971110415
'Bettina Jarasch',fr,Deutschland,#1818e8,#1818e8,1,0.2943896813619318
'Kanye West',fr,USA,#18e8e8,#18e8e8,2,0.2930782439072087
'Ulrich Reitz',fr,Deutschland,#1818e8,#1818e8,1,0.2922513040228731
'Kemal Kılıçdaroğlu',fr,Türkei,#111111,#111111,1,0.291985758885625
'John Paul II',fr,Vatikan,#58b8e8,#58b8e8,1,0.2898997821687499
'Johan Rockström',fr,unknown,#111111,#111111,1,0.2894230536493749
'Wolodimir Selenski',fr,Ukraine,#e818e8,#e818e8,1,0.2889038399139016
'Jean Carroll',fr,USA,#18e8e8,#18e8e8,1,0.287551438519167
'Andreas Jung',fr,Deutschland,#1818e8,#1818e8,2,0.2872840989282954
'Elizabeth Mpofu',fr,unknown,#111111,#111111,1,0.2872534524999999
'Dorothée Pacaud',fr,Frankreich,#e8e808,#e8e808,1,0.2872528207304196
'Afida Turner',fr,Frankreich,#e8e808,#e8e808,1,0.2869288825268749
'William Shakespeare',fr,UK,#e838e8,#e838e8,2,0.2865149941182925
'Buzz Aldrin',fr,USA,#18e8e8,#18e8e8,1,0.2840076789968749
'Kevin Kühnert',fr,Deutschland,#1818e8,#1818e8,3,0.2837933503516328
'Joachim Gauck',fr,Deutschland,#1818e8,#1818e8,1,0.2833454223979269
'Stefan Rahmstorf',fr,Deutschland,#1818e8,#1818e8,2,0.2829869333454397
'Cillian Murphy',fr,Irland,#111111,#111111,3,0.2803593909992101
'Papst Benedikt XVI',fr,Vatikan,#58b8e8,#58b8e8,3,0.2803198878619299
'Lars Klingbeil',fr,Deutschland,#1818e8,#1818e8,1,0.2800132925355112
'Wolfgang Kubicki',fr,Deutschland,#1818e8,#1818e8,1,0.2787647035399002
'Harry Belafonte',fr,USA,#18e8e8,#18e8e8,1,0.2781148193074109
'Prinz William',fr,UK,#e838e8,#e838e8,1,0.2771228106515221
'Martin Scorsese',fr,USA,#18e8e8,#18e8e8,2,0.2767128536736157
'Lindsey Graham',fr,USA,#18e8e8,#18e8e8,1,0.2763760522811939
'Zach Bryan',fr,unknown,#111111,#111111,1,0.2763689007756384
'Queen Elizabeth II',fr,UK,#e838e8,#e838e8,1,0.2762793601393803
'Stephen Hawking',fr,UK,#e838e8,#e838e8,1,0.275303918138122
'Immanuel Kant',fr,Deutschland,#1818e8,#1818e8,1,0.2743566414296634
'Pietro Lombardi',fr,Deutschland,#1818e8,#1818e8,1,0.2734512971834211
'Matt Damon',fr,USA,#18e8e8,#18e8e8,1,0.2732113796827811
'Michelle O\'Neill',fr,Irland,#111111,#111111,1,0.2708167826198213
'Christine Lambrecht',fr,Deutschland,#1818e8,#1818e8,1,0.2699933021607215
'Jan Böhmermann',fr,Deutschland,#1818e8,#1818e8,3,0.2696707451532107
'Peter Urban',fr,Deutschland,#1818e8,#1818e8,2,0.2686551632290795
'Napoleon Bonaparte',fr,Frankreich,#e8e808,#e8e808,1,0.2678922384509062
'Jacinda Ardern',fr,Neuseeland,#1818e8,#1818e8,1,0.2675417823265946
'John Rawls',fr,USA,#18e8e8,#18e8e8,1,0.2674674462850483
'Isaac Newton',fr,UK,#e838e8,#e838e8,1,0.2673162823113168
'Alvin Bragg',fr,USA,#18e8e8,#18e8e8,1,0.2670322127097327
'Gérard Biard',fr,Frankreich,#e8e808,#e8e808,1,0.2666295228169687
'Leah McSweeney',fr,unknown,#111111,#111111,1,0.2658721736823825
'Elon Musk',fr,USA,#18e8e8,#18e8e8,3,0.2649691531606777
'Pippa Middleton',fr,UK,#e838e8,#e838e8,1,0.2638468182723437
'Aleksandar Vučić',fr,Serbien,#111111,#111111,2,0.2631335223312125
'Michael Walzer',fr,USA,#18e8e8,#18e8e8,1,0.2624817911975
'Wolfgang Benz',fr,Deutschland,#1818e8,#1818e8,1,0.2614041525987499
'Selenskyj',fr,Ukraine,#e818e8,#e818e8,1,0.2612806928487499
'Péter Szijjártó',fr,Ungarn,#111111,#111111,1,0.261239032799375
'Michael Sandel',fr,USA,#18e8e8,#18e8e8,1,0.2612227765493749
'Jan Lipavský',fr,Tschechien,#111111,#111111,1,0.2610031249999999
'Ayatollah Chamenei',fr,Iran,#111111,#111111,1,0.2610031249999999
'Detlef Garbe',fr,Deutschland,#1818e8,#1818e8,1,0.2610031249999999
'Andrei Nikolajewitsch Kolmogorow',fr,Russland,#e81818,#e81818,1,0.2610031249999999
'Prinzessin Kate',fr,UK,#e838e8,#e838e8,1,0.2601333136739115
'Jens Spahn',fr,Deutschland,#1818e8,#1818e8,1,0.2591456387180882
'George Floyd',fr,USA,#18e8e8,#18e8e8,1,0.2590972047842891
'Penny Mordaunt',fr,UK,#e838e8,#e838e8,1,0.2574512510311514
'Königin Camilla',fr,UK,#e838e8,#e838e8,1,0.2568528597368106
'Norbert Röttgen',fr,Deutschland,#1818e8,#1818e8,1,0.2560412821580246
'Jens Stoltenberg',fr,Norwegen,#e818e8,#e818e8,3,0.2552114217204134
'Alexander von Humboldt',fr,Deutschland,#1818e8,#1818e8,1,0.2550221567251846
'Willy Brandt',fr,Deutschland,#1818e8,#1818e8,1,0.2542726890063244
'Paul Ronzheimer',fr,Deutschland,#1818e8,#1818e8,2,0.2536225570339593
'Adolf Hitler',fr,Deutschland,#1818e8,#1818e8,2,0.251727504522151
'George Washington',fr,USA,#18e8e8,#18e8e8,2,0.249608241513207
'Jair Bolsonaro',fr,Brasilien,#58e838,#58e848,3,0.2486154243528236
'Markus Söder',fr,Deutschland,#1818e8,#1818e8,1,0.2464750748294054
'Julian Reichelt',fr,Deutschland,#1818e8,#1818e8,3,0.2457992288283137
'König Charles III',fr,UK,#e838e8,#e838e8,1,0.2455159693519052
'Prinz Louis',fr,UK,#e838e8,#e838e8,1,0.2443294534998401
'Herschel Walker',fr,USA,#18e8e8,#18e8e8,1,0.2440379218749999
'King Charles III',fr,UK,#e838e8,#e838e8,1,0.2436297351436242
'Cyril Ramaphosa',fr,Südafrika,#111111,#111111,3,0.2419208322667199
'Ursula von der Leyen',fr,EU,#111111,#111111,3,0.2412793076076889
'Maybrit Illner',fr,Deutschland,#1818e8,#1818e8,1,0.2398777371408916
'Nancy Faeser',fr,Deutschland,#1818e8,#1818e8,3,0.2383423883632433
'Tamim Hamad Thani',fr,Katar,#111111,#111111,2,0.2382744010661532
'Joseph Ratzinger',fr,Vatikan,#58b8e8,#58b8e8,1,0.2380188383717921
'Olli Schulz',fr,Deutschland,#1818e8,#1818e8,1,0.2378663738558204
'Antony Blinken',fr,USA,#18e8e8,#18e8e8,3,0.2377978217365114
'Angela Merkel',fr,Deutschland,#1818e8,#1818e8,3,0.2371797024987847
'Robert Habeck',fr,Deutschland,#1818e8,#1818e8,3,0.236752309865691
'Edward Snowden',fr,USA,#18e8e8,#18e8e8,2,0.2360396552460483
'Gabor Steingart',fr,Deutschland,#1818e8,#1818e8,2,0.2354302087174241
'Faisal Kawusi',fr,Deutschland,#1818e8,#1818e8,1,0.2352341799531249
'Prinz George',fr,UK,#e838e8,#e838e8,1,0.235049302005721
'Katalin Novák',fr,Ungarn,#111111,#111111,1,0.2346708439552598
'Boris Palmer',fr,Deutschland,#1818e8,#1818e8,3,0.233266270381874
'Georg Bätzing',fr,Deutschland,#1818e8,#1818e8,1,0.233197906526228
'Charles Michel',fr,EU,#111111,#111111,2,0.2331181590039212
'Markus Krebber',fr,Deutschland,#1818e8,#1818e8,2,0.2326638778794572
'Joschka Fischer',fr,Deutschland,#1818e8,#1818e8,1,0.2324487513776068
'Chez Krömer',fr,Deutschland,#1818e8,#1818e8,1,0.2310557212276936
'Frank Plasberg',fr,Deutschland,#1818e8,#1818e8,1,0.2306146525134062
'Holger Friedrich',fr,Deutschland,#1818e8,#1818e8,1,0.2305086754057762
'Maria Kolesnikowa',fr,Belarus,#e81858,#e81858,1,0.2291985384641406
'Don Lemon',fr,USA,#18e8e8,#18e8e8,1,0.226289709375
'Francoise Bettencourt-Meyers',fr,Frankreich,#e8e808,#e8e808,1,0.226289709375
'Katarina Barley',fr,EU,#111111,#111111,1,0.2254297697990309
'Mateusz Morawiecki',fr,Polen,#111111,#111111,3,0.2245577423883679
'Jerome Powell',fr,USA,#18e8e8,#18e8e8,3,0.2243377551778426
'Eva Kaili',fr,EU,#111111,#111111,2,0.2241059662351247
'Kemal Klçdarolu',fr,Türkei,#111111,#111111,1,0.2234219716033436
'Wladimir Putin',fr,Russland,#e81818,#e81818,1,0.2220531906294687
'Chuck Todd',fr,USA,#18e8e8,#18e8e8,1,0.2220393600669686
'Friedrich Merz',fr,Deutschland,#1818e8,#1818e8,2,0.2220171934204527
'Raphael Warnock',fr,USA,#18e8e8,#18e8e8,1,0.2218526562499999
'Robert Nozick',fr,USA,#18e8e8,#18e8e8,1,0.2218526562499999
'Andreas Ellermann',fr,Deutschland,#1818e8,#1818e8,1,0.2218526562499999
'Mary Lou McDonald',fr,Irland,#111111,#111111,1,0.2218526562499999
'Steve Milloy',fr,USA,#18e8e8,#18e8e8,1,0.2218526562499999
'Gerhard Schröder',fr,Deutschland,#1818e8,#1818e8,3,0.2218338037744111
'Marco Buschmann',fr,Deutschland,#1818e8,#1818e8,3,0.2198613538296954
'Mathias Döpfner',fr,Deutschland,#1818e8,#1818e8,1,0.2198243804009039
'Barbara Sturm',fr,Deutschland,#1818e8,#1818e8,1,0.2181711208506068
'Sergej Schoigu',fr,Russland,#e81818,#e81818,3,0.217707713489173
'Rainer Maria Woelki',fr,Deutschland,#1818e8,#1818e8,1,0.2166518726093558
'Recep Tayyip Erdoğan',fr,Türkei,#111111,#111111,2,0.216266069377041
'Herbert Diess',fr,Deutschland,#1818e8,#1818e8,1,0.2149003512928284
'Richard David Precht',fr,Deutschland,#1818e8,#1818e8,1,0.213824820394181
'Annalena Baerbock',fr,Deutschland,#1818e8,#1818e8,3,0.2134480976649748
'Warren Buffett',fr,USA,#18e8e8,#18e8e8,1,0.2130379970463189
'Tamim bin Hamad Al Thani',fr,Katar,#111111,#111111,2,0.2129588699683904
'Thomas Haldenwang',fr,Deutschland,#1818e8,#1818e8,2,0.2122102233303716
'Xi Jinping',fr,China,#e88818,#e88818,3,0.2115689530110244
'Rafael Grossi',fr,UN,#e888e8,#e888e8,1,0.2095000712382132
'Ola Källenius',fr,Deutschland,#1818e8,#1818e8,2,0.2079684294467748
'Wolodymyr Selenski',fr,Ukraine,#e818e8,#e818e8,1,0.2073891236559864
'David Malpass',fr,USA,#18e8e8,#18e8e8,2,0.2067691379039453
'Melinda Gates',fr,USA,#18e8e8,#18e8e8,2,0.2060529421107772
'Mohammed bin Salman',fr,SaudiArabien,#111111,#111111,2,0.2049758380114865
'Werner von Braun',fr,Deutschland,#1818e8,#1818e8,1,0.2047752150133639
'Alfred Bernhard Nobel',fr,Schweden,#111111,#111111,1,0.2036607384374999
'Michelle Obama',fr,USA,#18e8e8,#18e8e8,2,0.2031852141415688
'Mark Rutte',fr,Niederlande,#111111,#111111,3,0.2019286506652954
'Kim Jong-un',fr,NordKorea,#e85858,#e85858,3,0.2014429593554426
'Ricarda Lang',fr,Deutschland,#1818e8,#1818e8,1,0.2008775372065838
'Jack Ma',fr,China,#e88818,#e88818,2,0.2005547302924144
'Wolodymyr Selenskyj',fr,Ukraine,#e818e8,#e818e8,1,0.1997141664864484
'Prinz Andrew',fr,UK,#e838e8,#e838e8,1,0.1996554407155595
'Warren Buffet',fr,USA,#18e8e8,#18e8e8,2,0.1988121366111569
'Roland Busch',fr,Deutschland,#1818e8,#1818e8,1,0.1985741048722777
'Franziska Giffey',fr,Deutschland,#1818e8,#1818e8,3,0.198223685399118
'Giorgia Meloni',fr,Italien,#111111,#111111,3,0.1977848506583311
'Katharina König-Press',fr,Deutschland,#1818e8,#1818e8,2,0.1957494633347225
'Mark Zuckerberg',fr,USA,#18e8e8,#18e8e8,3,0.1956783802064481
'Charles Koch',fr,USA,#18e8e8,#18e8e8,2,0.1953585457074567
'Karl Lauterbach',fr,Deutschland,#1818e8,#1818e8,3,0.1953286624714419
'Karl Jenkins',fr,UK,#e838e8,#e838e8,1,0.1940153238863952
'Tino Chrupalla',fr,Deutschland,#1818e8,#1818e8,2,0.1937899845784159
'Björn Höcke',fr,Deutschland,#1818e8,#1818e8,1,0.1932045648245208
'Daniel Freund',fr,EU,#111111,#111111,3,0.1927152684266351
'Jeffrey Donaldson',fr,Irland,#111111,#111111,1,0.1924692566203389
'Stephan Harbarth',fr,Deutschland,#1818e8,#1818e8,1,0.1922716510130988
'Saskia Esken',fr,Deutschland,#1818e8,#1818e8,3,0.1922346139600651
'Oliver Blume',fr,Deutschland,#1818e8,#1818e8,3,0.1914184503295434
'Louis Klamroth',fr,Deutschland,#1818e8,#1818e8,2,0.1911774805741061
'Christoph Heusgen',fr,Deutschland,#1818e8,#1818e8,3,0.191097369710278
'Jeff Bezos',fr,USA,#18e8e8,#18e8e8,2,0.1909945829327183
'Horst Seehofer',fr,Deutschland,#1818e8,#1818e8,2,0.1905764604140382
'Karine Jean-Pierre',fr,USA,#18e8e8,#18e8e8,3,0.1904188018847302
'Michael Cohen',fr,USA,#18e8e8,#18e8e8,1,0.1902927315217652
'Sergej Lawrow',fr,Russland,#e81818,#e81818,3,0.1901162263136014
'Dalai Lama',fr,Tibet,#111111,#111111,2,0.1893588407380511
'Rishi Sunak',fr,UK,#e838e8,#e838e8,3,0.1890834447602599
'Wolfgang Schäuble',fr,Deutschland,#1818e8,#1818e8,2,0.188788321774578
'Michelle Neill',fr,Irland,#111111,#111111,1,0.1885747578124999
'Edir Macedo',fr,Brasilien,#58e838,#58e848,1,0.1885747578124999
'Aleksandar Vucic',fr,Serbien,#111111,#111111,3,0.1883342726069211
'Prinz Archie',fr,UK,#e838e8,#e838e8,1,0.1883257207827109
'Greta Thunberg',fr,Schweden,#111111,#111111,2,0.1874870610526381
'Antonio Guterres',fr,UN,#e888e8,#e888e8,3,0.1872240515385514
'Frank-Walter Steinmeier',fr,Deutschland,#1818e8,#1818e8,3,0.1872004951989579
'Fumio Kishida',fr,Japan,#111111,#111111,3,0.1870351350228879
'Martin Schirdewan',fr,Deutschland,#1818e8,#1818e8,2,0.1823743431303657
'Lothar Wieler',fr,Deutschland,#1818e8,#1818e8,1,0.1823042965827987
'Mojib Latif',fr,Deutschland,#1818e8,#1818e8,1,0.1817305751150951
'Andrzej Duda',fr,Polen,#111111,#111111,3,0.1813252556211041
'Anthony Albanese',fr,Australien,#111111,#111111,1,0.1803321827213941
'Paul Kagame',fr,Ruanda,#111111,#111111,1,0.1802521726350991
'Sandra Maischberger',fr,Deutschland,#1818e8,#1818e8,1,0.179866065763397
'Bodo Ramelow',fr,Deutschland,#1818e8,#1818e8,2,0.179319631146918
'Hun Sen',fr,Kambodscha,#111111,#111111,1,0.1785678593735536
'Anthony Fauci',fr,USA,#18e8e8,#18e8e8,1,0.1784259382242243
'Ed McVey',fr,UK,#e838e8,#e838e8,1,0.1778894425896845
'Mukesh Ambani',fr,Indien,#111111,#111111,1,0.1764031858114948
'Chelsea Manning',fr,USA,#18e8e8,#18e8e8,1,0.1759215031451378
'Richard Feynman',fr,USA,#18e8e8,#18e8e8,1,0.1746768100030099
'Justin Trudeau',fr,Kanada,#111111,#111111,3,0.1746523388405662
'Nicola Beer',fr,EU,#111111,#111111,1,0.173237696423976
'Silvio Berlusconi',fr,Italien,#111111,#111111,3,0.1732220876917552
'Sahra Wagenknecht',fr,Deutschland,#1818e8,#1818e8,3,0.173142414839009
'Alice Weidel',fr,Deutschland,#1818e8,#1818e8,1,0.1730025649328061
'Sundar Pichai',fr,USA,#18e8e8,#18e8e8,2,0.172355936295296
'Thierry Breton',fr,EU,#111111,#111111,2,0.1707289014687776
'Alfred Nobel',fr,Schweden,#111111,#111111,1,0.1690222678993042
'Bill Gates',fr,USA,#18e8e8,#18e8e8,3,0.1690003963534724
'Bruno Kahl',fr,Deutschland,#1818e8,#1818e8,1,0.1686540662404597
'Boris Pistorius',fr,Deutschland,#1818e8,#1818e8,2,0.1685205659939535
'Andreas Baum',fr,Deutschland,#1818e8,#1818e8,1,0.168427951669922
'Christine Lagarde',fr,EU,#111111,#111111,3,0.1673524284627061
'Vitali Klitschko',fr,Ukraine,#e818e8,#e818e8,2,0.1669722580203619
'Luisa Neubauer',fr,Deutschland,#1818e8,#1818e8,1,0.1659245153670076
'Winfried Kretschmann',fr,Deutschland,#1818e8,#1818e8,1,0.1651134705123221
'Roberta Metsola',fr,EU,#111111,#111111,1,0.164994776793156
'Liz Truss',fr,UK,#e838e8,#e838e8,1,0.164922164965322
'Sergey Brin',fr,USA,#18e8e8,#18e8e8,1,0.1644774733059029
'Alexander Lukaschenko',fr,Belarus,#e81858,#e81858,1,0.1633282813415577
'Alexei Nawalny',fr,Russland,#e81818,#e81818,2,0.161669051539228
'MacKenzie Scott',fr,USA,#18e8e8,#18e8e8,1,0.161367019939558
'Chip Somodevilla',fr,USA,#18e8e8,#18e8e8,1,0.1607160868906249
'Edmund Stoiber',fr,Deutschland,#1818e8,#1818e8,1,0.1605559901142526
'Martin Sonneborn',fr,Deutschland,#1818e8,#1818e8,1,0.1603951417774636
'Steven Milloy',fr,USA,#18e8e8,#18e8e8,1,0.1602885441406249
'Benjamin Nethanaju',fr,Israel,#111111,#111111,1,0.1602885441406249
'Gautam Adani',fr,Indien,#111111,#111111,1,0.1588332001257897
'Mike Pence',fr,USA,#18e8e8,#18e8e8,1,0.157813145392873
'Alice Schwarzer',fr,Deutschland,#1818e8,#1818e8,2,0.1576527794525236
'Michael Mann',fr,USA,#18e8e8,#18e8e8,1,0.1572141967546401
'Lukaschenko',fr,Belarus,#e81858,#e81858,2,0.156151364971929
'Larry Ellison',fr,USA,#18e8e8,#18e8e8,1,0.1550774796114642
'Michael Ballweg',fr,Deutschland,#1818e8,#1818e8,1,0.1525514194559661
'Fidel Castro',fr,Kuba,#111111,#111111,1,0.149536285247132
'Karl Nehammer',fr,Oesterreich,#111111,#111111,2,0.1493478095384842
'Carl Friedrich Gauß',fr,Deutschland,#1818e8,#1818e8,1,0.1479506999742586
'Benjamin Netanyahu',fr,Israel,#111111,#111111,1,0.1457052959292272
'Yoon Suk-yeol',fr,SüdKorea,#111111,#111111,3,0.1454810189442506
'John Kerry',fr,USA,#18e8e8,#18e8e8,1,0.1450670132333888
'Mahmud Abbas',fr,Palistina,#111111,#111111,1,0.1444871561380068
'Julian Assange',fr,Australien,#111111,#111111,1,0.1416693349035563
'Klaus-Michael Kühne',fr,Deutschland,#1818e8,#1818e8,1,0.1416599760868167
'Christian Drosten',fr,Deutschland,#1818e8,#1818e8,1,0.1407332131761581
'Benjamin Netanjahu',fr,Israel,#111111,#111111,2,0.1395067150022217
'Millie Mackintosh',fr,UK,#e838e8,#e838e8,1,0.139499648432588
'Michael Kretschmer',fr,Deutschland,#1818e8,#1818e8,1,0.1387489361653552
'Viktor Orbán',fr,Ungarn,#111111,#111111,1,0.1385394459131953
'Steffi Lemke',fr,Deutschland,#1818e8,#1818e8,2,0.1384690476042515
'Erik Marquardt',fr,EU,#111111,#111111,1,0.1380198150278046
'Nick Fuentes',fr,USA,#18e8e8,#18e8e8,1,0.1367902435696092
'Barbara Walters',fr,USA,#18e8e8,#18e8e8,1,0.1367562739485645
'Megyn Kell',fr,USA,#18e8e8,#18e8e8,1,0.1362452625195311
'Schellnhuber',fr,Deutschland,#1818e8,#1818e8,2,0.1357232008737172
'Robin Li',fr,China,#e88818,#e88818,1,0.1328455654173694
'Subrahmanyam Jaishankar',fr,Indien,#111111,#111111,1,0.1315121528414857
'Andrés Manuel López Obrador',fr,Mexiko,#111111,#111111,1,0.1313537410238169
'Sucharit Bhakdi',fr,Deutschland,#1818e8,#1818e8,3,0.1301048636771233
'Volker Wissing',fr,Deutschland,#1818e8,#1818e8,3,0.1287304704016675
'Jürgen Grässlin',fr,Deutschland,#1818e8,#1818e8,1,0.1278282964372896
'Daniel Dillmann',fr,Deutschland,#1818e8,#1818e8,1,0.1273893204557615
'Volodymyr Zelenskiy',fr,Ukraine,#e818e8,#e818e8,1,0.1273893204557615
'Julia Koch',fr,USA,#18e8e8,#18e8e8,2,0.1272917809567915
'Hans Joachim Schellnhuber',fr,Deutschland,#1818e8,#1818e8,1,0.1270797802032631
'Veronika Grimm',fr,Deutschland,#1818e8,#1818e8,1,0.1258097642369795
'Scott Morrison',fr,Australien,#111111,#111111,1,0.1254962258655283
'Kardinal Woelki',fr,Deutschland,#1818e8,#1818e8,1,0.1234836646678884
'Macky Sall',fr,Senegal,#111111,#111111,1,0.1234266710588938
'John Roberts',fr,USA,#18e8e8,#18e8e8,1,0.1225637212387343
'Andrea Lindholz',fr,Deutschland,#1818e8,#1818e8,1,0.1215484100054518
'Maybritt Illner',fr,Deutschland,#1818e8,#1818e8,1,0.120498313195683
'Ali Chamenei',fr,Iran,#111111,#111111,2,0.119089814679992
'Patriarch Kyrill',fr,Ukraine,#e818e8,#e818e8,1,0.1185770693724193
'Paul Gosar',fr,USA,#18e8e8,#18e8e8,1,0.1181246426044334
'Steffen Große',fr,Deutschland,#1818e8,#1818e8,3,0.1166318523775728
'Holger Münch',fr,Deutschland,#1818e8,#1818e8,2,0.116486442922703
'Ulf Poschardt',fr,Deutschland,#1818e8,#1818e8,1,0.1145750128078285
'Nikos Androulakis',fr,Griechenland,#1858e8,#1858e8,2,0.1135535340121011
'Alexej Kudrin',fr,Russland,#e81818,#e81818,1,0.1118888387080861
'Susanne Klatten',fr,Deutschland,#1818e8,#1818e8,1,0.111162752109088
'Gregor Gysi',fr,Deutschland,#1818e8,#1818e8,1,0.110145909003977
'Otmar Issing',fr,EU,#111111,#111111,1,0.1091728210379542
'Muhammad bin Zayid Al Nahyan',fr,VAE,#111111,#111111,1,0.1065853006501312
'Heinrich XIII. Prinz Reuß',fr,Deutschland,#1818e8,#1818e8,1,0.1054181633543026
'Andrew Forrest',fr,Australien,#111111,#111111,1,0.1020853997308311
'Joana Cotar',fr,Deutschland,#1818e8,#1818e8,1,0.0999830104547978
'Jewgenij Roisman',fr,Russland,#e81818,#e81818,1,0.0996049671635481
'Lula sa Silva',fr,Brasilien,#58e838,#58e838,1,0.0986431858026779
'Alberto Ángel Fernández',fr,Argentinien,#111111,#111111,1,0.098223433043085
'Lee Hsien Loong',fr,Singapur,#111111,#111111,1,0.0981879794530431
'Ebrahim Raisi',fr,Iran,#111111,#111111,1,0.0973027256333634
'Amin Nasser',fr,SaudiArabien,#111111,#111111,1,0.0972738007140503
'Andreas Jödecke',fr,Deutschland,#1818e8,#1818e8,1,0.0952087999496758
'Jair Lapid',fr,Israel,#111111,#111111,1,0.0949975903305199
'Generalbundesanwalt Peter Frank',fr,Deutschland,#1818e8,#1818e8,1,0.0947607989411315
'Jewgeni Prigoschin',fr,Russland,#e81818,#e81818,1,0.09353382041033
'Daniel Zhang',fr,China,#e88818,#e88818,1,0.0934490626863142
'Milo Yiannopoulos',fr,UK,#e838e8,#e838e8,1,0.0920387840292876
'Nicola Sturgeon',fr,UK,#e838e8,#e838e8,1,0.091977099946588
'Jitzchak Herzog',fr,Israel,#111111,#111111,1,0.088442360240407
'Joko Widodo',fr,Indonesien,#111111,#111111,1,0.0881054099690376
'Carola Rackete',fr,Deutschland,#1818e8,#1818e8,1,0.0879613185654008
'Yanis Varoufakis',fr,Griechenland,#1858e8,#1858e8,1,0.0867894544032976
'Tamim bin Hamad Al-Thani',fr,Katar,#111111,#111111,1,0.0857657360781233
'Ayatollah Ali Chamenei',fr,Iran,#111111,#111111,1,0.0853387457918401
'Igor Setschin',fr,Russland,#e81818,#e81818,1,0.0818003113276166
'Miguel Díaz-Canel',fr,Kuba,#111111,#111111,1,0.0809188967957799
'Sergej Lavrov',fr,Russland,#e81818,#e81818,1,0.0784063434484537
'Lael Brainard',fr,USA,#18e8e8,#18e8e8,1,0.0765118461072041
'Badri Hosseini Chamenei',fr,Iran,#111111,#111111,1,0.0764442041235956
'Klaus Hasselmann',fr,Deutschland,#1818e8,#1818e8,1,0.0744417192864673
'Frank Bainimarama',fr,Fidschi,#111111,#111111,1,0.0729372324530693
'Kurt Krömer',fr,Deutschland,#1818e8,#1818e8,1,0.0725310067236931
'Larry Page',fr,USA,#18e8e8,#18e8e8,1,0.0724032428559683
'Jochen Thewes',fr,Deutschland,#1818e8,#1818e8,1,0.063390329511489
'Katalin Novak',fr,Ungarn,#111111,#111111,1,0.0618800344100121
'Bartholomäus',fr,Türkei,#111111,#111111,1,0.0609461657967015
'Philipp Wolff',fr,Deutschland,#1818e8,#1818e8,1,0.0556069219568772
'Doris König',fr,Deutschland,#1818e8,#1818e8,1,0.0514723384068954
'Erica Chenoweth',fr,USA,#18e8e8,#18e8e8,1,0.0504065604288481
